Цена;Ссылка
28380 Сом;https://enter.kg/computers/noutbuki_bishkek/computers/noutbuki_bishkek/fe755af4d1a118d8c9a2e16e88f88b70-detail
28466 Сом;https://enter.kg/computers/noutbuki_bishkek/computers/noutbuki_bishkek/d569ca57f05bd278a2eae5440fa92c97-detail
28810 Сом;https://enter.kg/computers/noutbuki_bishkek/computers/noutbuki_bishkek/d37efb3f8bfed09bcdd9bedd239dfdd1-detail
28810 Сом;https://enter.kg/computers/noutbuki_bishkek/computers/noutbuki_bishkek/9e02e35b09bb441f4600fd7bf55bb823-detail
28896 Сом;https://enter.kg/computers/noutbuki_bishkek/computers/noutbuki_bishkek/439446395b4bbe1d6ab9eff684b2dbfc-detail
28896 Сом;https://enter.kg/computers/noutbuki_bishkek/computers/noutbuki_bishkek/f65c74fcea28d8c6a4d181cdafdf2b66-detail
29326 Сом;https://enter.kg/computers/noutbuki_bishkek/computers/noutbuki_bishkek/f83d5667f0ec2eb14c0a8028dc029fb0-detail
29670 Сом;https://enter.kg/computers/noutbuki_bishkek/computers/noutbuki_bishkek/d1f7e28c819f3430fe5a01f4a897294a-detail
30186 Сом;https://enter.kg/computers/noutbuki_bishkek/computers/noutbuki_bishkek/39aaeb07068e53208f287b7596c2aee6-detail
30186 Сом;https://enter.kg/computers/noutbuki_bishkek/computers/noutbuki_bishkek/df8e2f4f287ff1f0efdbd5a888e614e9-detail
30616 Сом;https://enter.kg/computers/noutbuki_bishkek/computers/noutbuki_bishkek/92acf802dcae8e68cc2452940a7903a7-detail
30616 Сом;https://enter.kg/computers/noutbuki_bishkek/computers/noutbuki_bishkek/57156a9ffe3e042fecab54ac7000cce9-detail
31046 Сом;https://enter.kg/computers/noutbuki_bishkek/computers/noutbuki_bishkek/527fb38b92f958863513a3f5e989fbf0-detail
31046 Сом;https://enter.kg/computers/noutbuki_bishkek/computers/noutbuki_bishkek/a8b3dec9caeddba4376aa656006d5e46-detail
31046 Сом;https://enter.kg/computers/noutbuki_bishkek/computers/noutbuki_bishkek/7db5805e56f93e53ec0b7139af4f228b-detail
31476 Сом;https://enter.kg/computers/noutbuki_bishkek/computers/noutbuki_bishkek/65018de323ec9acb40b63b53f6420317-detail
31476 Сом;https://enter.kg/computers/noutbuki_bishkek/computers/noutbuki_bishkek/a0b351605c5c295f5298e2b9a86b03dd-detail
31476 Сом;https://enter.kg/computers/noutbuki_bishkek/computers/noutbuki_bishkek/9d66c5e31a3f64959695f617e4826f1a-detail
31476 Сом;https://enter.kg/computers/noutbuki_bishkek/computers/noutbuki_bishkek/7f737d4ad189c59b25cf3e0adc1d2aef-detail
31906 Сом;https://enter.kg/computers/noutbuki_bishkek/computers/noutbuki_bishkek/4f6a87e6b188e20dad6bbe8a3bb38ec1-detail
32336 Сом;https://enter.kg/computers/noutbuki_bishkek/computers/noutbuki_bishkek/9b9bdfe7c25ae169f4686c41a04b1e8a-detail
32336 Сом;https://enter.kg/computers/noutbuki_bishkek/computers/noutbuki_bishkek/9edb1c1127f629009f36b388beb91ec4-detail
32336 Сом;https://enter.kg/computers/noutbuki_bishkekhttp://www.google.kg/search?q=Ноутбук Lenovo Ideapad IP3 15ADA05 AMD 3020e 4GB, 500GB HDD, m.2, 15.6
32680 Сом;https://enter.kg/computers/noutbuki_bishkek/computers/noutbuki_bishkek/6e2fa475e746a3d415b835df93bf712b-detail
32766 Сом;https://enter.kg/computers/noutbuki_bishkek/computers/noutbuki_bishkek/a281672ee7d6e736084d4202494705ea-detail
32766 Сом;https://enter.kg/computers/noutbuki_bishkekhttp://www.google.kg/search?q=Ноутбук Lenovo Ideapad IP3 15ADA05 AMD 3020e 4GB, 1000GB HDD, m.2, 15.6
32766 Сом;https://enter.kg/computers/noutbuki_bishkekhttp://www.google.kg/search?q=Ноутбук Lenovo Ideapad IP3 15ADA05 AMD 3020e 4GB, 120GB SSD, m.2, 15.6
33196 Сом;https://enter.kg/computers/noutbuki_bishkek/computers/noutbuki_bishkek/26c3e28946be1c7b69e90a5c48fbab15-detail
34056 Сом;https://enter.kg/computers/noutbuki_bishkek/computers/noutbuki_bishkek/bc7ba060490c683792bbdfa2b14e65b7-detail
34056 Сом;https://enter.kg/computers/noutbuki_bishkek/computers/noutbuki_bishkek/b71ee4cc2aa290387b55903309c074b2-detail
34056 Сом;https://enter.kg/computers/noutbuki_bishkek/computers/noutbuki_bishkek/ffb3eee138ec37e8bd7af906fa116631-detail
34056 Сом;https://enter.kg/computers/noutbuki_bishkek/computers/noutbuki_bishkek/59168fbc63fd7ecc67a608ab3b48a761-detail
34056 Сом;https://enter.kg/computers/noutbuki_bishkek/computers/noutbuki_bishkek/d0ff3c457fc71b5e57723a17e44ea2d1-detail
34056 Сом;https://enter.kg/computers/noutbuki_bishkekhttp://www.google.kg/search?q=Ноутбук Lenovo Ideapad IP3 15ADA05 AMD 3020e 4GB, 240GB SSD, m.2, 15.6
34486 Сом;https://enter.kg/computers/noutbuki_bishkek/computers/noutbuki_bishkek/749cb0dfe543e9d206d28f87a23a59d3-detail
35346 Сом;https://enter.kg/computers/noutbuki_bishkek/computers/noutbuki_bishkek/f8a56212c6e241e236246947cbe21b72-detail
35346 Сом;https://enter.kg/computers/noutbuki_bishkek/computers/noutbuki_bishkek/b19f27003f4963d1904cf7b956e39527-detail
35346 Сом;https://enter.kg/computers/noutbuki_bishkek/computers/noutbuki_bishkek/e71255cce8a19f94c969469c4ddc77f5-detail
35346 Сом;https://enter.kg/computers/noutbuki_bishkekhttp://www.google.kg/search?q=Ноутбук Lenovo Ideapad IP3 15ADA05 AMD 3020e 4GB, 1000GB HDD+128GB SSD m.2, 15.6
35776 Сом;https://enter.kg/computers/noutbuki_bishkekhttp://www.google.kg/search?q=ASUS  X515M  Intel QuadCore N4120 (4M Cache,up to 2.60 GHz) ,4GB DDR4,128GB SSD ,Intel UHD Graphics 600 ,15.6 Full HD (1920x1080),Wi-Fi , Bluetooth, Webcam,GREY, Eng-Rus&tbm=isch
35776 Сом;https://enter.kg/computers/noutbuki_bishkekhttp://www.google.kg/search?q=ASUS  X515M  Intel QuadCore N4120 (4M Cache,up to 2.60 GHz) ,4GB DDR4,500GB HDD ,Intel UHD Graphics 600 ,15.6 Full HD (1920x1080),Wi-Fi ,WIN10, Bluetooth, Webcam,GREY, Eng-Rus&tbm=isch
35776 Сом;https://enter.kg/computers/noutbuki_bishkek/computers/noutbuki_bishkek/25c33856f1a924dd814921d71606d0d7-detail
35776 Сом;https://enter.kg/computers/noutbuki_bishkek/computers/noutbuki_bishkek/9c0501375bcbf40653426a83a6276e01-detail
35776 Сом;https://enter.kg/computers/noutbuki_bishkek/computers/noutbuki_bishkek/dc958d9f17da2bf4f563d48a2a383d6a-detail
35776 Сом;https://enter.kg/computers/noutbuki_bishkek/computers/noutbuki_bishkek/dab70aa9338df422a281a215df3c8423-detail
35776 Сом;https://enter.kg/computers/noutbuki_bishkek/computers/noutbuki_bishkek/bec9c3c53c5d37be97075d6ba8851e1b-detail
35776 Сом;https://enter.kg/computers/noutbuki_bishkek/computers/noutbuki_bishkek/7507e67dbcf25efff04912010264cbc0-detail
36980 Сом;https://enter.kg/computers/noutbuki_bishkek/computers/noutbuki_bishkek/c22f506a74878ffb0293c2825198e774-detail
36980 Сом;https://enter.kg/computers/noutbuki_bishkek/computers/noutbuki_bishkek/661fa8c11502c855f7a922314b36f88d-detail
36980 Сом;https://enter.kg/computers/noutbuki_bishkek/computers/noutbuki_bishkek/bd158f4af67a0fa14d7f72ca0c41c764-detail
36980 Сом;https://enter.kg/computers/noutbuki_bishkek/computers/noutbuki_bishkek/eb667e8edecd11a66a00f0f4fefba7f5-detail
37410 Сом;https://enter.kg/computers/noutbuki_bishkekhttp://www.google.kg/search?q=ASUS  X515M  Intel QuadCore N4120 (4M Cache,up to 2.60 GHz) ,4GB DDR4,1000GB HDD ,Intel UHD Graphics 600 ,15.6 Full HD (1920x1080),Wi-Fi , Bluetooth, Webcam,GREY, Eng-Rus&tbm=isch
37410 Сом;https://enter.kg/computers/noutbuki_bishkek/computers/noutbuki_bishkek/e2d577f9d059680aa40a02db3353a7f9-detail
37410 Сом;https://enter.kg/computers/noutbuki_bishkek/computers/noutbuki_bishkek/3a65821bb3aa81ab548ca1075eb4ca63-detail
37410 Сом;https://enter.kg/computers/noutbuki_bishkek/computers/noutbuki_bishkek/e5d8b72ebf5feb64aed2c5846997acc1-detail
37840 Сом;https://enter.kg/computers/noutbuki_bishkek/computers/noutbuki_bishkek/2d890e280b4fe972062343f49353d099-detail
37840 Сом;https://enter.kg/computers/noutbuki_bishkek/computers/noutbuki_bishkek/467bb2d851749f2a7edccda3d5b5b213-detail
37840 Сом;https://enter.kg/computers/noutbuki_bishkek/computers/noutbuki_bishkek/89db855dea1de552b0e004f3a97cc544-detail
38012 Сом;https://enter.kg/computers/noutbuki_bishkekhttp://www.google.kg/search?q=Ноутбук Lenovo Ideapad IP3 15ADA05 AMD 3020e 8GB, 1000GB HDD+128GB SSD m.2, 15.6
38270 Сом;https://enter.kg/computers/noutbuki_bishkekhttp://www.google.kg/search?q=ASUS  X515M  Intel QuadCore N4120 (4M Cache,up to 2.60 GHz) ,4GB DDR4,256GB SSD ,Intel UHD Graphics 600 ,15.6 Full HD (1920x1080),Wi-Fi , Bluetooth, Webcam,GREY, Eng-Rus&tbm=isch
38270 Сом;https://enter.kg/computers/noutbuki_bishkekhttp://www.google.kg/search?q=ASUS  X515M  Intel QuadCore N4120 (4M Cache,up to 2.60 GHz) ,4GB DDR4,500GB HDD+128GB SSD ,Intel UHD Graphics 600 ,15.6 Full HD (1920x1080),Wi-Fi ,WIN10, Bluetooth, Webcam,GREY, Eng-Rus&tbm=isch
38270 Сом;https://enter.kg/computers/noutbuki_bishkekhttp://www.google.kg/search?q=ASUS  X515M  Intel QuadCore N4120 (4M Cache,up to 2.60 GHz) ,8GB DDR4,128GB SSD ,Intel UHD Graphics 600 ,15.6 Full HD (1920x1080),Wi-Fi , Bluetooth, Webcam,GREY, Eng-Rus&tbm=isch
38270 Сом;https://enter.kg/computers/noutbuki_bishkekhttp://www.google.kg/search?q=ASUS  X515M  Intel QuadCore N4120 (4M Cache,up to 2.60 GHz) ,8GB DDR4,500GB HDD ,Intel UHD Graphics 600 ,15.6 Full HD (1920x1080),Wi-Fi , WIN10,Bluetooth, Webcam,GREY, Eng-Rus&tbm=isch
38270 Сом;https://enter.kg/computers/noutbuki_bishkek/computers/noutbuki_bishkek/c2f5ad9a8c0de6ff49d837c555df3e9c-detail
38270 Сом;https://enter.kg/computers/noutbuki_bishkek/computers/noutbuki_bishkek/c12fe5a4e88ce3526437e62a8a2294f3-detail
38270 Сом;https://enter.kg/computers/noutbuki_bishkek/computers/noutbuki_bishkek/0e962d9df2c2c8f440b038437fe71c59-detail
38270 Сом;https://enter.kg/computers/noutbuki_bishkek/computers/noutbuki_bishkek/36757a41545d877335f149737b32d66a-detail
38270 Сом;https://enter.kg/computers/noutbuki_bishkek/computers/noutbuki_bishkek/68cf318b21fb0eb4344763a274a85a1c-detail
38270 Сом;https://enter.kg/computers/noutbuki_bishkek/computers/noutbuki_bishkek/249dd1c6439a779d5c88edc0117ca48e-detail
38270 Сом;https://enter.kg/computers/noutbuki_bishkek/computers/noutbuki_bishkek/99302816fad3399b6e1b4da6cca2150c-detail
38700 Сом;https://enter.kg/computers/noutbuki_bishkek/computers/noutbuki_bishkek/db7e7409976e7b787063fa13aa85676a-detail
38700 Сом;https://enter.kg/computers/noutbuki_bishkek/computers/noutbuki_bishkek/35914e6aebd1a2a0cac96ddc95174c7a-detail
38700 Сом;https://enter.kg/computers/noutbuki_bishkek/computers/noutbuki_bishkek/5d711a8f30a9840a89d8b16469ddd233-detail
38700 Сом;https://enter.kg/computers/noutbuki_bishkek/computers/noutbuki_bishkek/af983a651073c5e022494d0b03faeca6-detail
38700 Сом;https://enter.kg/computers/noutbuki_bishkek/computers/noutbuki_bishkek/1a4f050127472c0d60bc13c23e348951-detail
38700 Сом;https://enter.kg/computers/noutbuki_bishkek/computers/noutbuki_bishkek/cc727029f2017cc609a627a901719668-detail
38700 Сом;https://enter.kg/computers/noutbuki_bishkek/computers/noutbuki_bishkek/c0ce21337277a1d93d13436d07e40a6b-detail
39130 Сом;https://enter.kg/computers/noutbuki_bishkek/computers/noutbuki_bishkek/b08095267453a42109b21f4e1ad4b332-detail
39130 Сом;https://enter.kg/computers/noutbuki_bishkekhttp://www.google.kg/search?q=ASUS  X515M  Intel QuadCore N4120 (4M Cache,up to 2.60 GHz) ,4GB DDR4,1000GB HDD+128GB SSD ,Intel UHD Graphics 600 ,15.6 Full HD (1920x1080) HD,Wi-Fi , Bluetooth, Webcam,GREY, Eng-Rus&tbm=isch
39130 Сом;https://enter.kg/computers/noutbuki_bishkekhttp://www.google.kg/search?q=ASUS  X515M  Intel QuadCore N4120 (4M Cache,up to 2.60 GHz) ,8GB DDR4,1000GB HDD ,Intel UHD Graphics 600 ,15.6 Full HD (1920x1080),Wi-Fi ,Bluetooth, Webcam,GREY, Eng-Rus&tbm=isch
39130 Сом;https://enter.kg/computers/noutbuki_bishkek/computers/noutbuki_bishkek/f2721008fc27cacdab9b1101e7bb580c-detail
39130 Сом;https://enter.kg/computers/noutbuki_bishkek/computers/noutbuki_bishkek/2697e993ce300262152bcf2e7aaab58d-detail
39560 Сом;https://enter.kg/computers/noutbuki_bishkek/computers/noutbuki_bishkek/ca4ae96c1df7c4e0e60e540ae11433b9-detail
39560 Сом;https://enter.kg/computers/noutbuki_bishkek/computers/noutbuki_bishkek/0c88708ce8bf852a38b14c2d15589d8e-detail
39560 Сом;https://enter.kg/computers/noutbuki_bishkek/computers/noutbuki_bishkek/9945cae9ecd766674466f3b6835e6e0a-detail
39990 Сом;https://enter.kg/computers/noutbuki_bishkekhttp://www.google.kg/search?q=ASUS  X515M  Intel QuadCore N4120 (4M Cache,up to 2.60 GHz) ,4GB DDR4,500GB HDD+256GB SSD ,Intel UHD Graphics 600 ,15.6 Full HD (1920x1080),Wi-Fi ,WIN10, Bluetooth, Webcam,GREY, Eng-Rus&tbm=isch
39990 Сом;https://enter.kg/computers/noutbuki_bishkekhttp://www.google.kg/search?q=ASUS  X515M  Intel QuadCore N4120 (4M Cache,up to 2.60 GHz) ,8GB DDR4,256GB SSD ,Intel UHD Graphics 600 ,15.6 Full HD (1920x1080),Wi-Fi , Bluetooth, Webcam,GREY, Eng-Rus&tbm=isch
39990 Сом;https://enter.kg/computers/noutbuki_bishkekhttp://www.google.kg/search?q=ASUS  X515M  Intel QuadCore N4120 (4M Cache,up to 2.60 GHz) ,8GB DDR4,500GB HDD+128GB SSD ,Intel UHD Graphics 600 ,15.6 Full HD (1920x1080) HD,Wi-Fi , WIN10,Bluetooth, Webcam,GREY, Eng-Rus&tbm=isch
39990 Сом;https://enter.kg/computers/noutbuki_bishkek/computers/noutbuki_bishkek/72b134c9868670da0de42658a86d8e84-detail
39990 Сом;https://enter.kg/computers/noutbuki_bishkek/computers/noutbuki_bishkek/492113f73f1ea3b5307d21b8f7d63596-detail
39990 Сом;https://enter.kg/computers/noutbuki_bishkek/computers/noutbuki_bishkek/b280fcd838c4f3a5c556eac42ed0033e-detail
39990 Сом;https://enter.kg/computers/noutbuki_bishkek/computers/noutbuki_bishkek/2b5993f8fbf9e558fd9bb523424cef72-detail
39990 Сом;https://enter.kg/computers/noutbuki_bishkek/computers/noutbuki_bishkek/54ea7275667011378497e0dafa2e1fb0-detail
39990 Сом;https://enter.kg/computers/noutbuki_bishkek/computers/noutbuki_bishkek/488a7f6568f68ff47a81f9c4de855931-detail
39990 Сом;https://enter.kg/computers/noutbuki_bishkek/computers/noutbuki_bishkek/ed1b8435f67d673c4cda2c3ef9c271a5-detail
39990 Сом;https://enter.kg/computers/noutbuki_bishkek/computers/noutbuki_bishkek/8610a67726406b94756d1ddb004b8c3b-detail
40162 Сом;https://enter.kg/computers/noutbuki_bishkek/computers/noutbuki_bishkek/4d3295060b25eb8bf6c4b8a758b9f074-detail
40420 Сом;https://enter.kg/computers/noutbuki_bishkek/computers/noutbuki_bishkek/02bd48cd9702d17d7aad25ace35e5129-detail
40420 Сом;https://enter.kg/computers/noutbuki_bishkek/computers/noutbuki_bishkek/8de1a53309fa6c513134e1280a3bd8ff-detail
40420 Сом;https://enter.kg/computers/noutbuki_bishkek/computers/noutbuki_bishkek/4172b2119a0c29b4101d8def80f93683-detail
28380 Сом;https://enter.kg/computers/noutbuki_bishkek/computers/noutbuki_bishkek/fe755af4d1a118d8c9a2e16e88f88b70-detail
28466 Сом;https://enter.kg/computers/noutbuki_bishkek/computers/noutbuki_bishkek/d569ca57f05bd278a2eae5440fa92c97-detail
28810 Сом;https://enter.kg/computers/noutbuki_bishkek/computers/noutbuki_bishkek/d37efb3f8bfed09bcdd9bedd239dfdd1-detail
28810 Сом;https://enter.kg/computers/noutbuki_bishkek/computers/noutbuki_bishkek/9e02e35b09bb441f4600fd7bf55bb823-detail
28896 Сом;https://enter.kg/computers/noutbuki_bishkek/computers/noutbuki_bishkek/439446395b4bbe1d6ab9eff684b2dbfc-detail
28896 Сом;https://enter.kg/computers/noutbuki_bishkek/computers/noutbuki_bishkek/f65c74fcea28d8c6a4d181cdafdf2b66-detail
29326 Сом;https://enter.kg/computers/noutbuki_bishkek/computers/noutbuki_bishkek/f83d5667f0ec2eb14c0a8028dc029fb0-detail
29670 Сом;https://enter.kg/computers/noutbuki_bishkek/computers/noutbuki_bishkek/d1f7e28c819f3430fe5a01f4a897294a-detail
30186 Сом;https://enter.kg/computers/noutbuki_bishkek/computers/noutbuki_bishkek/39aaeb07068e53208f287b7596c2aee6-detail
30186 Сом;https://enter.kg/computers/noutbuki_bishkek/computers/noutbuki_bishkek/df8e2f4f287ff1f0efdbd5a888e614e9-detail
30616 Сом;https://enter.kg/computers/noutbuki_bishkek/computers/noutbuki_bishkek/92acf802dcae8e68cc2452940a7903a7-detail
30616 Сом;https://enter.kg/computers/noutbuki_bishkek/computers/noutbuki_bishkek/57156a9ffe3e042fecab54ac7000cce9-detail
31046 Сом;https://enter.kg/computers/noutbuki_bishkek/computers/noutbuki_bishkek/527fb38b92f958863513a3f5e989fbf0-detail
31046 Сом;https://enter.kg/computers/noutbuki_bishkek/computers/noutbuki_bishkek/a8b3dec9caeddba4376aa656006d5e46-detail
31046 Сом;https://enter.kg/computers/noutbuki_bishkek/computers/noutbuki_bishkek/7db5805e56f93e53ec0b7139af4f228b-detail
31476 Сом;https://enter.kg/computers/noutbuki_bishkek/computers/noutbuki_bishkek/65018de323ec9acb40b63b53f6420317-detail
31476 Сом;https://enter.kg/computers/noutbuki_bishkek/computers/noutbuki_bishkek/a0b351605c5c295f5298e2b9a86b03dd-detail
31476 Сом;https://enter.kg/computers/noutbuki_bishkek/computers/noutbuki_bishkek/9d66c5e31a3f64959695f617e4826f1a-detail
31476 Сом;https://enter.kg/computers/noutbuki_bishkek/computers/noutbuki_bishkek/7f737d4ad189c59b25cf3e0adc1d2aef-detail
31906 Сом;https://enter.kg/computers/noutbuki_bishkek/computers/noutbuki_bishkek/4f6a87e6b188e20dad6bbe8a3bb38ec1-detail
32336 Сом;https://enter.kg/computers/noutbuki_bishkek/computers/noutbuki_bishkek/9b9bdfe7c25ae169f4686c41a04b1e8a-detail
32336 Сом;https://enter.kg/computers/noutbuki_bishkek/computers/noutbuki_bishkek/9edb1c1127f629009f36b388beb91ec4-detail
32336 Сом;https://enter.kg/computers/noutbuki_bishkekhttp://www.google.kg/search?q=Ноутбук Lenovo Ideapad IP3 15ADA05 AMD 3020e 4GB, 500GB HDD, m.2, 15.6
32680 Сом;https://enter.kg/computers/noutbuki_bishkek/computers/noutbuki_bishkek/6e2fa475e746a3d415b835df93bf712b-detail
32766 Сом;https://enter.kg/computers/noutbuki_bishkek/computers/noutbuki_bishkek/a281672ee7d6e736084d4202494705ea-detail
32766 Сом;https://enter.kg/computers/noutbuki_bishkekhttp://www.google.kg/search?q=Ноутбук Lenovo Ideapad IP3 15ADA05 AMD 3020e 4GB, 1000GB HDD, m.2, 15.6
32766 Сом;https://enter.kg/computers/noutbuki_bishkekhttp://www.google.kg/search?q=Ноутбук Lenovo Ideapad IP3 15ADA05 AMD 3020e 4GB, 120GB SSD, m.2, 15.6
33196 Сом;https://enter.kg/computers/noutbuki_bishkek/computers/noutbuki_bishkek/26c3e28946be1c7b69e90a5c48fbab15-detail
34056 Сом;https://enter.kg/computers/noutbuki_bishkek/computers/noutbuki_bishkek/bc7ba060490c683792bbdfa2b14e65b7-detail
34056 Сом;https://enter.kg/computers/noutbuki_bishkek/computers/noutbuki_bishkek/b71ee4cc2aa290387b55903309c074b2-detail
34056 Сом;https://enter.kg/computers/noutbuki_bishkek/computers/noutbuki_bishkek/ffb3eee138ec37e8bd7af906fa116631-detail
34056 Сом;https://enter.kg/computers/noutbuki_bishkek/computers/noutbuki_bishkek/59168fbc63fd7ecc67a608ab3b48a761-detail
34056 Сом;https://enter.kg/computers/noutbuki_bishkek/computers/noutbuki_bishkek/d0ff3c457fc71b5e57723a17e44ea2d1-detail
34056 Сом;https://enter.kg/computers/noutbuki_bishkekhttp://www.google.kg/search?q=Ноутбук Lenovo Ideapad IP3 15ADA05 AMD 3020e 4GB, 240GB SSD, m.2, 15.6
34486 Сом;https://enter.kg/computers/noutbuki_bishkek/computers/noutbuki_bishkek/749cb0dfe543e9d206d28f87a23a59d3-detail
35346 Сом;https://enter.kg/computers/noutbuki_bishkek/computers/noutbuki_bishkek/f8a56212c6e241e236246947cbe21b72-detail
35346 Сом;https://enter.kg/computers/noutbuki_bishkek/computers/noutbuki_bishkek/b19f27003f4963d1904cf7b956e39527-detail
35346 Сом;https://enter.kg/computers/noutbuki_bishkek/computers/noutbuki_bishkek/e71255cce8a19f94c969469c4ddc77f5-detail
35346 Сом;https://enter.kg/computers/noutbuki_bishkekhttp://www.google.kg/search?q=Ноутбук Lenovo Ideapad IP3 15ADA05 AMD 3020e 4GB, 1000GB HDD+128GB SSD m.2, 15.6
35776 Сом;https://enter.kg/computers/noutbuki_bishkekhttp://www.google.kg/search?q=ASUS  X515M  Intel QuadCore N4120 (4M Cache,up to 2.60 GHz) ,4GB DDR4,128GB SSD ,Intel UHD Graphics 600 ,15.6 Full HD (1920x1080),Wi-Fi , Bluetooth, Webcam,GREY, Eng-Rus&tbm=isch
35776 Сом;https://enter.kg/computers/noutbuki_bishkekhttp://www.google.kg/search?q=ASUS  X515M  Intel QuadCore N4120 (4M Cache,up to 2.60 GHz) ,4GB DDR4,500GB HDD ,Intel UHD Graphics 600 ,15.6 Full HD (1920x1080),Wi-Fi ,WIN10, Bluetooth, Webcam,GREY, Eng-Rus&tbm=isch
35776 Сом;https://enter.kg/computers/noutbuki_bishkek/computers/noutbuki_bishkek/25c33856f1a924dd814921d71606d0d7-detail
35776 Сом;https://enter.kg/computers/noutbuki_bishkek/computers/noutbuki_bishkek/9c0501375bcbf40653426a83a6276e01-detail
35776 Сом;https://enter.kg/computers/noutbuki_bishkek/computers/noutbuki_bishkek/dc958d9f17da2bf4f563d48a2a383d6a-detail
35776 Сом;https://enter.kg/computers/noutbuki_bishkek/computers/noutbuki_bishkek/dab70aa9338df422a281a215df3c8423-detail
35776 Сом;https://enter.kg/computers/noutbuki_bishkek/computers/noutbuki_bishkek/bec9c3c53c5d37be97075d6ba8851e1b-detail
35776 Сом;https://enter.kg/computers/noutbuki_bishkek/computers/noutbuki_bishkek/7507e67dbcf25efff04912010264cbc0-detail
36980 Сом;https://enter.kg/computers/noutbuki_bishkek/computers/noutbuki_bishkek/c22f506a74878ffb0293c2825198e774-detail
36980 Сом;https://enter.kg/computers/noutbuki_bishkek/computers/noutbuki_bishkek/661fa8c11502c855f7a922314b36f88d-detail
36980 Сом;https://enter.kg/computers/noutbuki_bishkek/computers/noutbuki_bishkek/bd158f4af67a0fa14d7f72ca0c41c764-detail
36980 Сом;https://enter.kg/computers/noutbuki_bishkek/computers/noutbuki_bishkek/eb667e8edecd11a66a00f0f4fefba7f5-detail
37410 Сом;https://enter.kg/computers/noutbuki_bishkekhttp://www.google.kg/search?q=ASUS  X515M  Intel QuadCore N4120 (4M Cache,up to 2.60 GHz) ,4GB DDR4,1000GB HDD ,Intel UHD Graphics 600 ,15.6 Full HD (1920x1080),Wi-Fi , Bluetooth, Webcam,GREY, Eng-Rus&tbm=isch
37410 Сом;https://enter.kg/computers/noutbuki_bishkek/computers/noutbuki_bishkek/e2d577f9d059680aa40a02db3353a7f9-detail
37410 Сом;https://enter.kg/computers/noutbuki_bishkek/computers/noutbuki_bishkek/3a65821bb3aa81ab548ca1075eb4ca63-detail
37410 Сом;https://enter.kg/computers/noutbuki_bishkek/computers/noutbuki_bishkek/e5d8b72ebf5feb64aed2c5846997acc1-detail
37840 Сом;https://enter.kg/computers/noutbuki_bishkek/computers/noutbuki_bishkek/2d890e280b4fe972062343f49353d099-detail
37840 Сом;https://enter.kg/computers/noutbuki_bishkek/computers/noutbuki_bishkek/467bb2d851749f2a7edccda3d5b5b213-detail
37840 Сом;https://enter.kg/computers/noutbuki_bishkek/computers/noutbuki_bishkek/89db855dea1de552b0e004f3a97cc544-detail
38012 Сом;https://enter.kg/computers/noutbuki_bishkekhttp://www.google.kg/search?q=Ноутбук Lenovo Ideapad IP3 15ADA05 AMD 3020e 8GB, 1000GB HDD+128GB SSD m.2, 15.6
38270 Сом;https://enter.kg/computers/noutbuki_bishkekhttp://www.google.kg/search?q=ASUS  X515M  Intel QuadCore N4120 (4M Cache,up to 2.60 GHz) ,4GB DDR4,256GB SSD ,Intel UHD Graphics 600 ,15.6 Full HD (1920x1080),Wi-Fi , Bluetooth, Webcam,GREY, Eng-Rus&tbm=isch
38270 Сом;https://enter.kg/computers/noutbuki_bishkekhttp://www.google.kg/search?q=ASUS  X515M  Intel QuadCore N4120 (4M Cache,up to 2.60 GHz) ,4GB DDR4,500GB HDD+128GB SSD ,Intel UHD Graphics 600 ,15.6 Full HD (1920x1080),Wi-Fi ,WIN10, Bluetooth, Webcam,GREY, Eng-Rus&tbm=isch
38270 Сом;https://enter.kg/computers/noutbuki_bishkekhttp://www.google.kg/search?q=ASUS  X515M  Intel QuadCore N4120 (4M Cache,up to 2.60 GHz) ,8GB DDR4,128GB SSD ,Intel UHD Graphics 600 ,15.6 Full HD (1920x1080),Wi-Fi , Bluetooth, Webcam,GREY, Eng-Rus&tbm=isch
38270 Сом;https://enter.kg/computers/noutbuki_bishkekhttp://www.google.kg/search?q=ASUS  X515M  Intel QuadCore N4120 (4M Cache,up to 2.60 GHz) ,8GB DDR4,500GB HDD ,Intel UHD Graphics 600 ,15.6 Full HD (1920x1080),Wi-Fi , WIN10,Bluetooth, Webcam,GREY, Eng-Rus&tbm=isch
38270 Сом;https://enter.kg/computers/noutbuki_bishkek/computers/noutbuki_bishkek/c2f5ad9a8c0de6ff49d837c555df3e9c-detail
38270 Сом;https://enter.kg/computers/noutbuki_bishkek/computers/noutbuki_bishkek/c12fe5a4e88ce3526437e62a8a2294f3-detail
38270 Сом;https://enter.kg/computers/noutbuki_bishkek/computers/noutbuki_bishkek/0e962d9df2c2c8f440b038437fe71c59-detail
38270 Сом;https://enter.kg/computers/noutbuki_bishkek/computers/noutbuki_bishkek/36757a41545d877335f149737b32d66a-detail
38270 Сом;https://enter.kg/computers/noutbuki_bishkek/computers/noutbuki_bishkek/68cf318b21fb0eb4344763a274a85a1c-detail
38270 Сом;https://enter.kg/computers/noutbuki_bishkek/computers/noutbuki_bishkek/249dd1c6439a779d5c88edc0117ca48e-detail
38270 Сом;https://enter.kg/computers/noutbuki_bishkek/computers/noutbuki_bishkek/99302816fad3399b6e1b4da6cca2150c-detail
38700 Сом;https://enter.kg/computers/noutbuki_bishkek/computers/noutbuki_bishkek/db7e7409976e7b787063fa13aa85676a-detail
38700 Сом;https://enter.kg/computers/noutbuki_bishkek/computers/noutbuki_bishkek/35914e6aebd1a2a0cac96ddc95174c7a-detail
38700 Сом;https://enter.kg/computers/noutbuki_bishkek/computers/noutbuki_bishkek/5d711a8f30a9840a89d8b16469ddd233-detail
38700 Сом;https://enter.kg/computers/noutbuki_bishkek/computers/noutbuki_bishkek/af983a651073c5e022494d0b03faeca6-detail
38700 Сом;https://enter.kg/computers/noutbuki_bishkek/computers/noutbuki_bishkek/1a4f050127472c0d60bc13c23e348951-detail
38700 Сом;https://enter.kg/computers/noutbuki_bishkek/computers/noutbuki_bishkek/cc727029f2017cc609a627a901719668-detail
38700 Сом;https://enter.kg/computers/noutbuki_bishkek/computers/noutbuki_bishkek/c0ce21337277a1d93d13436d07e40a6b-detail
39130 Сом;https://enter.kg/computers/noutbuki_bishkek/computers/noutbuki_bishkek/b08095267453a42109b21f4e1ad4b332-detail
39130 Сом;https://enter.kg/computers/noutbuki_bishkekhttp://www.google.kg/search?q=ASUS  X515M  Intel QuadCore N4120 (4M Cache,up to 2.60 GHz) ,4GB DDR4,1000GB HDD+128GB SSD ,Intel UHD Graphics 600 ,15.6 Full HD (1920x1080) HD,Wi-Fi , Bluetooth, Webcam,GREY, Eng-Rus&tbm=isch
39130 Сом;https://enter.kg/computers/noutbuki_bishkekhttp://www.google.kg/search?q=ASUS  X515M  Intel QuadCore N4120 (4M Cache,up to 2.60 GHz) ,8GB DDR4,1000GB HDD ,Intel UHD Graphics 600 ,15.6 Full HD (1920x1080),Wi-Fi ,Bluetooth, Webcam,GREY, Eng-Rus&tbm=isch
39130 Сом;https://enter.kg/computers/noutbuki_bishkek/computers/noutbuki_bishkek/f2721008fc27cacdab9b1101e7bb580c-detail
39130 Сом;https://enter.kg/computers/noutbuki_bishkek/computers/noutbuki_bishkek/2697e993ce300262152bcf2e7aaab58d-detail
39560 Сом;https://enter.kg/computers/noutbuki_bishkek/computers/noutbuki_bishkek/ca4ae96c1df7c4e0e60e540ae11433b9-detail
39560 Сом;https://enter.kg/computers/noutbuki_bishkek/computers/noutbuki_bishkek/0c88708ce8bf852a38b14c2d15589d8e-detail
39560 Сом;https://enter.kg/computers/noutbuki_bishkek/computers/noutbuki_bishkek/9945cae9ecd766674466f3b6835e6e0a-detail
39990 Сом;https://enter.kg/computers/noutbuki_bishkekhttp://www.google.kg/search?q=ASUS  X515M  Intel QuadCore N4120 (4M Cache,up to 2.60 GHz) ,4GB DDR4,500GB HDD+256GB SSD ,Intel UHD Graphics 600 ,15.6 Full HD (1920x1080),Wi-Fi ,WIN10, Bluetooth, Webcam,GREY, Eng-Rus&tbm=isch
39990 Сом;https://enter.kg/computers/noutbuki_bishkekhttp://www.google.kg/search?q=ASUS  X515M  Intel QuadCore N4120 (4M Cache,up to 2.60 GHz) ,8GB DDR4,256GB SSD ,Intel UHD Graphics 600 ,15.6 Full HD (1920x1080),Wi-Fi , Bluetooth, Webcam,GREY, Eng-Rus&tbm=isch
39990 Сом;https://enter.kg/computers/noutbuki_bishkekhttp://www.google.kg/search?q=ASUS  X515M  Intel QuadCore N4120 (4M Cache,up to 2.60 GHz) ,8GB DDR4,500GB HDD+128GB SSD ,Intel UHD Graphics 600 ,15.6 Full HD (1920x1080) HD,Wi-Fi , WIN10,Bluetooth, Webcam,GREY, Eng-Rus&tbm=isch
39990 Сом;https://enter.kg/computers/noutbuki_bishkek/computers/noutbuki_bishkek/72b134c9868670da0de42658a86d8e84-detail
39990 Сом;https://enter.kg/computers/noutbuki_bishkek/computers/noutbuki_bishkek/492113f73f1ea3b5307d21b8f7d63596-detail
39990 Сом;https://enter.kg/computers/noutbuki_bishkek/computers/noutbuki_bishkek/b280fcd838c4f3a5c556eac42ed0033e-detail
39990 Сом;https://enter.kg/computers/noutbuki_bishkek/computers/noutbuki_bishkek/2b5993f8fbf9e558fd9bb523424cef72-detail
39990 Сом;https://enter.kg/computers/noutbuki_bishkek/computers/noutbuki_bishkek/54ea7275667011378497e0dafa2e1fb0-detail
39990 Сом;https://enter.kg/computers/noutbuki_bishkek/computers/noutbuki_bishkek/488a7f6568f68ff47a81f9c4de855931-detail
39990 Сом;https://enter.kg/computers/noutbuki_bishkek/computers/noutbuki_bishkek/ed1b8435f67d673c4cda2c3ef9c271a5-detail
39990 Сом;https://enter.kg/computers/noutbuki_bishkek/computers/noutbuki_bishkek/8610a67726406b94756d1ddb004b8c3b-detail
40162 Сом;https://enter.kg/computers/noutbuki_bishkek/computers/noutbuki_bishkek/4d3295060b25eb8bf6c4b8a758b9f074-detail
40420 Сом;https://enter.kg/computers/noutbuki_bishkek/computers/noutbuki_bishkek/02bd48cd9702d17d7aad25ace35e5129-detail
40420 Сом;https://enter.kg/computers/noutbuki_bishkek/computers/noutbuki_bishkek/8de1a53309fa6c513134e1280a3bd8ff-detail
40420 Сом;https://enter.kg/computers/noutbuki_bishkek/computers/noutbuki_bishkek/4172b2119a0c29b4101d8def80f93683-detail
28380 Сом;https://enter.kg/computers/noutbuki_bishkek/computers/noutbuki_bishkek/fe755af4d1a118d8c9a2e16e88f88b70-detail
28466 Сом;https://enter.kg/computers/noutbuki_bishkek/computers/noutbuki_bishkek/d569ca57f05bd278a2eae5440fa92c97-detail
28810 Сом;https://enter.kg/computers/noutbuki_bishkek/computers/noutbuki_bishkek/d37efb3f8bfed09bcdd9bedd239dfdd1-detail
28810 Сом;https://enter.kg/computers/noutbuki_bishkek/computers/noutbuki_bishkek/9e02e35b09bb441f4600fd7bf55bb823-detail
28896 Сом;https://enter.kg/computers/noutbuki_bishkek/computers/noutbuki_bishkek/439446395b4bbe1d6ab9eff684b2dbfc-detail
28896 Сом;https://enter.kg/computers/noutbuki_bishkek/computers/noutbuki_bishkek/f65c74fcea28d8c6a4d181cdafdf2b66-detail
29326 Сом;https://enter.kg/computers/noutbuki_bishkek/computers/noutbuki_bishkek/f83d5667f0ec2eb14c0a8028dc029fb0-detail
29670 Сом;https://enter.kg/computers/noutbuki_bishkek/computers/noutbuki_bishkek/d1f7e28c819f3430fe5a01f4a897294a-detail
30186 Сом;https://enter.kg/computers/noutbuki_bishkek/computers/noutbuki_bishkek/39aaeb07068e53208f287b7596c2aee6-detail
30186 Сом;https://enter.kg/computers/noutbuki_bishkek/computers/noutbuki_bishkek/df8e2f4f287ff1f0efdbd5a888e614e9-detail
30616 Сом;https://enter.kg/computers/noutbuki_bishkek/computers/noutbuki_bishkek/92acf802dcae8e68cc2452940a7903a7-detail
30616 Сом;https://enter.kg/computers/noutbuki_bishkek/computers/noutbuki_bishkek/57156a9ffe3e042fecab54ac7000cce9-detail
31046 Сом;https://enter.kg/computers/noutbuki_bishkek/computers/noutbuki_bishkek/527fb38b92f958863513a3f5e989fbf0-detail
31046 Сом;https://enter.kg/computers/noutbuki_bishkek/computers/noutbuki_bishkek/a8b3dec9caeddba4376aa656006d5e46-detail
31046 Сом;https://enter.kg/computers/noutbuki_bishkek/computers/noutbuki_bishkek/7db5805e56f93e53ec0b7139af4f228b-detail
31476 Сом;https://enter.kg/computers/noutbuki_bishkek/computers/noutbuki_bishkek/65018de323ec9acb40b63b53f6420317-detail
31476 Сом;https://enter.kg/computers/noutbuki_bishkek/computers/noutbuki_bishkek/a0b351605c5c295f5298e2b9a86b03dd-detail
31476 Сом;https://enter.kg/computers/noutbuki_bishkek/computers/noutbuki_bishkek/9d66c5e31a3f64959695f617e4826f1a-detail
31476 Сом;https://enter.kg/computers/noutbuki_bishkek/computers/noutbuki_bishkek/7f737d4ad189c59b25cf3e0adc1d2aef-detail
31906 Сом;https://enter.kg/computers/noutbuki_bishkek/computers/noutbuki_bishkek/4f6a87e6b188e20dad6bbe8a3bb38ec1-detail
32336 Сом;https://enter.kg/computers/noutbuki_bishkek/computers/noutbuki_bishkek/9b9bdfe7c25ae169f4686c41a04b1e8a-detail
32336 Сом;https://enter.kg/computers/noutbuki_bishkek/computers/noutbuki_bishkek/9edb1c1127f629009f36b388beb91ec4-detail
32336 Сом;https://enter.kg/computers/noutbuki_bishkekhttp://www.google.kg/search?q=Ноутбук Lenovo Ideapad IP3 15ADA05 AMD 3020e 4GB, 500GB HDD, m.2, 15.6
32680 Сом;https://enter.kg/computers/noutbuki_bishkek/computers/noutbuki_bishkek/6e2fa475e746a3d415b835df93bf712b-detail
32766 Сом;https://enter.kg/computers/noutbuki_bishkek/computers/noutbuki_bishkek/a281672ee7d6e736084d4202494705ea-detail
32766 Сом;https://enter.kg/computers/noutbuki_bishkekhttp://www.google.kg/search?q=Ноутбук Lenovo Ideapad IP3 15ADA05 AMD 3020e 4GB, 1000GB HDD, m.2, 15.6
32766 Сом;https://enter.kg/computers/noutbuki_bishkekhttp://www.google.kg/search?q=Ноутбук Lenovo Ideapad IP3 15ADA05 AMD 3020e 4GB, 120GB SSD, m.2, 15.6
33196 Сом;https://enter.kg/computers/noutbuki_bishkek/computers/noutbuki_bishkek/26c3e28946be1c7b69e90a5c48fbab15-detail
34056 Сом;https://enter.kg/computers/noutbuki_bishkek/computers/noutbuki_bishkek/bc7ba060490c683792bbdfa2b14e65b7-detail
34056 Сом;https://enter.kg/computers/noutbuki_bishkek/computers/noutbuki_bishkek/b71ee4cc2aa290387b55903309c074b2-detail
34056 Сом;https://enter.kg/computers/noutbuki_bishkek/computers/noutbuki_bishkek/ffb3eee138ec37e8bd7af906fa116631-detail
34056 Сом;https://enter.kg/computers/noutbuki_bishkek/computers/noutbuki_bishkek/59168fbc63fd7ecc67a608ab3b48a761-detail
34056 Сом;https://enter.kg/computers/noutbuki_bishkek/computers/noutbuki_bishkek/d0ff3c457fc71b5e57723a17e44ea2d1-detail
34056 Сом;https://enter.kg/computers/noutbuki_bishkekhttp://www.google.kg/search?q=Ноутбук Lenovo Ideapad IP3 15ADA05 AMD 3020e 4GB, 240GB SSD, m.2, 15.6
34486 Сом;https://enter.kg/computers/noutbuki_bishkek/computers/noutbuki_bishkek/749cb0dfe543e9d206d28f87a23a59d3-detail
35346 Сом;https://enter.kg/computers/noutbuki_bishkek/computers/noutbuki_bishkek/f8a56212c6e241e236246947cbe21b72-detail
35346 Сом;https://enter.kg/computers/noutbuki_bishkek/computers/noutbuki_bishkek/b19f27003f4963d1904cf7b956e39527-detail
35346 Сом;https://enter.kg/computers/noutbuki_bishkek/computers/noutbuki_bishkek/e71255cce8a19f94c969469c4ddc77f5-detail
35346 Сом;https://enter.kg/computers/noutbuki_bishkekhttp://www.google.kg/search?q=Ноутбук Lenovo Ideapad IP3 15ADA05 AMD 3020e 4GB, 1000GB HDD+128GB SSD m.2, 15.6
35776 Сом;https://enter.kg/computers/noutbuki_bishkekhttp://www.google.kg/search?q=ASUS  X515M  Intel QuadCore N4120 (4M Cache,up to 2.60 GHz) ,4GB DDR4,128GB SSD ,Intel UHD Graphics 600 ,15.6 Full HD (1920x1080),Wi-Fi , Bluetooth, Webcam,GREY, Eng-Rus&tbm=isch
35776 Сом;https://enter.kg/computers/noutbuki_bishkekhttp://www.google.kg/search?q=ASUS  X515M  Intel QuadCore N4120 (4M Cache,up to 2.60 GHz) ,4GB DDR4,500GB HDD ,Intel UHD Graphics 600 ,15.6 Full HD (1920x1080),Wi-Fi ,WIN10, Bluetooth, Webcam,GREY, Eng-Rus&tbm=isch
35776 Сом;https://enter.kg/computers/noutbuki_bishkek/computers/noutbuki_bishkek/25c33856f1a924dd814921d71606d0d7-detail
35776 Сом;https://enter.kg/computers/noutbuki_bishkek/computers/noutbuki_bishkek/9c0501375bcbf40653426a83a6276e01-detail
35776 Сом;https://enter.kg/computers/noutbuki_bishkek/computers/noutbuki_bishkek/dc958d9f17da2bf4f563d48a2a383d6a-detail
35776 Сом;https://enter.kg/computers/noutbuki_bishkek/computers/noutbuki_bishkek/dab70aa9338df422a281a215df3c8423-detail
35776 Сом;https://enter.kg/computers/noutbuki_bishkek/computers/noutbuki_bishkek/bec9c3c53c5d37be97075d6ba8851e1b-detail
35776 Сом;https://enter.kg/computers/noutbuki_bishkek/computers/noutbuki_bishkek/7507e67dbcf25efff04912010264cbc0-detail
36980 Сом;https://enter.kg/computers/noutbuki_bishkek/computers/noutbuki_bishkek/c22f506a74878ffb0293c2825198e774-detail
36980 Сом;https://enter.kg/computers/noutbuki_bishkek/computers/noutbuki_bishkek/661fa8c11502c855f7a922314b36f88d-detail
36980 Сом;https://enter.kg/computers/noutbuki_bishkek/computers/noutbuki_bishkek/bd158f4af67a0fa14d7f72ca0c41c764-detail
36980 Сом;https://enter.kg/computers/noutbuki_bishkek/computers/noutbuki_bishkek/eb667e8edecd11a66a00f0f4fefba7f5-detail
37410 Сом;https://enter.kg/computers/noutbuki_bishkekhttp://www.google.kg/search?q=ASUS  X515M  Intel QuadCore N4120 (4M Cache,up to 2.60 GHz) ,4GB DDR4,1000GB HDD ,Intel UHD Graphics 600 ,15.6 Full HD (1920x1080),Wi-Fi , Bluetooth, Webcam,GREY, Eng-Rus&tbm=isch
37410 Сом;https://enter.kg/computers/noutbuki_bishkek/computers/noutbuki_bishkek/e2d577f9d059680aa40a02db3353a7f9-detail
37410 Сом;https://enter.kg/computers/noutbuki_bishkek/computers/noutbuki_bishkek/3a65821bb3aa81ab548ca1075eb4ca63-detail
37410 Сом;https://enter.kg/computers/noutbuki_bishkek/computers/noutbuki_bishkek/e5d8b72ebf5feb64aed2c5846997acc1-detail
37840 Сом;https://enter.kg/computers/noutbuki_bishkek/computers/noutbuki_bishkek/2d890e280b4fe972062343f49353d099-detail
37840 Сом;https://enter.kg/computers/noutbuki_bishkek/computers/noutbuki_bishkek/467bb2d851749f2a7edccda3d5b5b213-detail
37840 Сом;https://enter.kg/computers/noutbuki_bishkek/computers/noutbuki_bishkek/89db855dea1de552b0e004f3a97cc544-detail
38012 Сом;https://enter.kg/computers/noutbuki_bishkekhttp://www.google.kg/search?q=Ноутбук Lenovo Ideapad IP3 15ADA05 AMD 3020e 8GB, 1000GB HDD+128GB SSD m.2, 15.6
38270 Сом;https://enter.kg/computers/noutbuki_bishkekhttp://www.google.kg/search?q=ASUS  X515M  Intel QuadCore N4120 (4M Cache,up to 2.60 GHz) ,4GB DDR4,256GB SSD ,Intel UHD Graphics 600 ,15.6 Full HD (1920x1080),Wi-Fi , Bluetooth, Webcam,GREY, Eng-Rus&tbm=isch
38270 Сом;https://enter.kg/computers/noutbuki_bishkekhttp://www.google.kg/search?q=ASUS  X515M  Intel QuadCore N4120 (4M Cache,up to 2.60 GHz) ,4GB DDR4,500GB HDD+128GB SSD ,Intel UHD Graphics 600 ,15.6 Full HD (1920x1080),Wi-Fi ,WIN10, Bluetooth, Webcam,GREY, Eng-Rus&tbm=isch
38270 Сом;https://enter.kg/computers/noutbuki_bishkekhttp://www.google.kg/search?q=ASUS  X515M  Intel QuadCore N4120 (4M Cache,up to 2.60 GHz) ,8GB DDR4,128GB SSD ,Intel UHD Graphics 600 ,15.6 Full HD (1920x1080),Wi-Fi , Bluetooth, Webcam,GREY, Eng-Rus&tbm=isch
38270 Сом;https://enter.kg/computers/noutbuki_bishkekhttp://www.google.kg/search?q=ASUS  X515M  Intel QuadCore N4120 (4M Cache,up to 2.60 GHz) ,8GB DDR4,500GB HDD ,Intel UHD Graphics 600 ,15.6 Full HD (1920x1080),Wi-Fi , WIN10,Bluetooth, Webcam,GREY, Eng-Rus&tbm=isch
38270 Сом;https://enter.kg/computers/noutbuki_bishkek/computers/noutbuki_bishkek/c2f5ad9a8c0de6ff49d837c555df3e9c-detail
38270 Сом;https://enter.kg/computers/noutbuki_bishkek/computers/noutbuki_bishkek/c12fe5a4e88ce3526437e62a8a2294f3-detail
38270 Сом;https://enter.kg/computers/noutbuki_bishkek/computers/noutbuki_bishkek/0e962d9df2c2c8f440b038437fe71c59-detail
38270 Сом;https://enter.kg/computers/noutbuki_bishkek/computers/noutbuki_bishkek/36757a41545d877335f149737b32d66a-detail
38270 Сом;https://enter.kg/computers/noutbuki_bishkek/computers/noutbuki_bishkek/68cf318b21fb0eb4344763a274a85a1c-detail
38270 Сом;https://enter.kg/computers/noutbuki_bishkek/computers/noutbuki_bishkek/249dd1c6439a779d5c88edc0117ca48e-detail
38270 Сом;https://enter.kg/computers/noutbuki_bishkek/computers/noutbuki_bishkek/99302816fad3399b6e1b4da6cca2150c-detail
38700 Сом;https://enter.kg/computers/noutbuki_bishkek/computers/noutbuki_bishkek/db7e7409976e7b787063fa13aa85676a-detail
38700 Сом;https://enter.kg/computers/noutbuki_bishkek/computers/noutbuki_bishkek/35914e6aebd1a2a0cac96ddc95174c7a-detail
38700 Сом;https://enter.kg/computers/noutbuki_bishkek/computers/noutbuki_bishkek/5d711a8f30a9840a89d8b16469ddd233-detail
38700 Сом;https://enter.kg/computers/noutbuki_bishkek/computers/noutbuki_bishkek/af983a651073c5e022494d0b03faeca6-detail
38700 Сом;https://enter.kg/computers/noutbuki_bishkek/computers/noutbuki_bishkek/1a4f050127472c0d60bc13c23e348951-detail
38700 Сом;https://enter.kg/computers/noutbuki_bishkek/computers/noutbuki_bishkek/cc727029f2017cc609a627a901719668-detail
38700 Сом;https://enter.kg/computers/noutbuki_bishkek/computers/noutbuki_bishkek/c0ce21337277a1d93d13436d07e40a6b-detail
39130 Сом;https://enter.kg/computers/noutbuki_bishkek/computers/noutbuki_bishkek/b08095267453a42109b21f4e1ad4b332-detail
39130 Сом;https://enter.kg/computers/noutbuki_bishkekhttp://www.google.kg/search?q=ASUS  X515M  Intel QuadCore N4120 (4M Cache,up to 2.60 GHz) ,4GB DDR4,1000GB HDD+128GB SSD ,Intel UHD Graphics 600 ,15.6 Full HD (1920x1080) HD,Wi-Fi , Bluetooth, Webcam,GREY, Eng-Rus&tbm=isch
39130 Сом;https://enter.kg/computers/noutbuki_bishkekhttp://www.google.kg/search?q=ASUS  X515M  Intel QuadCore N4120 (4M Cache,up to 2.60 GHz) ,8GB DDR4,1000GB HDD ,Intel UHD Graphics 600 ,15.6 Full HD (1920x1080),Wi-Fi ,Bluetooth, Webcam,GREY, Eng-Rus&tbm=isch
39130 Сом;https://enter.kg/computers/noutbuki_bishkek/computers/noutbuki_bishkek/f2721008fc27cacdab9b1101e7bb580c-detail
39130 Сом;https://enter.kg/computers/noutbuki_bishkek/computers/noutbuki_bishkek/2697e993ce300262152bcf2e7aaab58d-detail
39560 Сом;https://enter.kg/computers/noutbuki_bishkek/computers/noutbuki_bishkek/ca4ae96c1df7c4e0e60e540ae11433b9-detail
39560 Сом;https://enter.kg/computers/noutbuki_bishkek/computers/noutbuki_bishkek/0c88708ce8bf852a38b14c2d15589d8e-detail
39560 Сом;https://enter.kg/computers/noutbuki_bishkek/computers/noutbuki_bishkek/9945cae9ecd766674466f3b6835e6e0a-detail
39990 Сом;https://enter.kg/computers/noutbuki_bishkekhttp://www.google.kg/search?q=ASUS  X515M  Intel QuadCore N4120 (4M Cache,up to 2.60 GHz) ,4GB DDR4,500GB HDD+256GB SSD ,Intel UHD Graphics 600 ,15.6 Full HD (1920x1080),Wi-Fi ,WIN10, Bluetooth, Webcam,GREY, Eng-Rus&tbm=isch
39990 Сом;https://enter.kg/computers/noutbuki_bishkekhttp://www.google.kg/search?q=ASUS  X515M  Intel QuadCore N4120 (4M Cache,up to 2.60 GHz) ,8GB DDR4,256GB SSD ,Intel UHD Graphics 600 ,15.6 Full HD (1920x1080),Wi-Fi , Bluetooth, Webcam,GREY, Eng-Rus&tbm=isch
39990 Сом;https://enter.kg/computers/noutbuki_bishkekhttp://www.google.kg/search?q=ASUS  X515M  Intel QuadCore N4120 (4M Cache,up to 2.60 GHz) ,8GB DDR4,500GB HDD+128GB SSD ,Intel UHD Graphics 600 ,15.6 Full HD (1920x1080) HD,Wi-Fi , WIN10,Bluetooth, Webcam,GREY, Eng-Rus&tbm=isch
39990 Сом;https://enter.kg/computers/noutbuki_bishkek/computers/noutbuki_bishkek/72b134c9868670da0de42658a86d8e84-detail
39990 Сом;https://enter.kg/computers/noutbuki_bishkek/computers/noutbuki_bishkek/492113f73f1ea3b5307d21b8f7d63596-detail
39990 Сом;https://enter.kg/computers/noutbuki_bishkek/computers/noutbuki_bishkek/b280fcd838c4f3a5c556eac42ed0033e-detail
39990 Сом;https://enter.kg/computers/noutbuki_bishkek/computers/noutbuki_bishkek/2b5993f8fbf9e558fd9bb523424cef72-detail
39990 Сом;https://enter.kg/computers/noutbuki_bishkek/computers/noutbuki_bishkek/54ea7275667011378497e0dafa2e1fb0-detail
39990 Сом;https://enter.kg/computers/noutbuki_bishkek/computers/noutbuki_bishkek/488a7f6568f68ff47a81f9c4de855931-detail
39990 Сом;https://enter.kg/computers/noutbuki_bishkek/computers/noutbuki_bishkek/ed1b8435f67d673c4cda2c3ef9c271a5-detail
39990 Сом;https://enter.kg/computers/noutbuki_bishkek/computers/noutbuki_bishkek/8610a67726406b94756d1ddb004b8c3b-detail
40162 Сом;https://enter.kg/computers/noutbuki_bishkek/computers/noutbuki_bishkek/4d3295060b25eb8bf6c4b8a758b9f074-detail
40420 Сом;https://enter.kg/computers/noutbuki_bishkek/computers/noutbuki_bishkek/02bd48cd9702d17d7aad25ace35e5129-detail
40420 Сом;https://enter.kg/computers/noutbuki_bishkek/computers/noutbuki_bishkek/8de1a53309fa6c513134e1280a3bd8ff-detail
40420 Сом;https://enter.kg/computers/noutbuki_bishkek/computers/noutbuki_bishkek/4172b2119a0c29b4101d8def80f93683-detail
28380 Сом;https://enter.kg/computers/noutbuki_bishkek/computers/noutbuki_bishkek/fe755af4d1a118d8c9a2e16e88f88b70-detail
28466 Сом;https://enter.kg/computers/noutbuki_bishkek/computers/noutbuki_bishkek/d569ca57f05bd278a2eae5440fa92c97-detail
28810 Сом;https://enter.kg/computers/noutbuki_bishkek/computers/noutbuki_bishkek/d37efb3f8bfed09bcdd9bedd239dfdd1-detail
28810 Сом;https://enter.kg/computers/noutbuki_bishkek/computers/noutbuki_bishkek/9e02e35b09bb441f4600fd7bf55bb823-detail
28896 Сом;https://enter.kg/computers/noutbuki_bishkek/computers/noutbuki_bishkek/439446395b4bbe1d6ab9eff684b2dbfc-detail
28896 Сом;https://enter.kg/computers/noutbuki_bishkek/computers/noutbuki_bishkek/f65c74fcea28d8c6a4d181cdafdf2b66-detail
29326 Сом;https://enter.kg/computers/noutbuki_bishkek/computers/noutbuki_bishkek/f83d5667f0ec2eb14c0a8028dc029fb0-detail
29670 Сом;https://enter.kg/computers/noutbuki_bishkek/computers/noutbuki_bishkek/d1f7e28c819f3430fe5a01f4a897294a-detail
30186 Сом;https://enter.kg/computers/noutbuki_bishkek/computers/noutbuki_bishkek/39aaeb07068e53208f287b7596c2aee6-detail
30186 Сом;https://enter.kg/computers/noutbuki_bishkek/computers/noutbuki_bishkek/df8e2f4f287ff1f0efdbd5a888e614e9-detail
30616 Сом;https://enter.kg/computers/noutbuki_bishkek/computers/noutbuki_bishkek/92acf802dcae8e68cc2452940a7903a7-detail
30616 Сом;https://enter.kg/computers/noutbuki_bishkek/computers/noutbuki_bishkek/57156a9ffe3e042fecab54ac7000cce9-detail
31046 Сом;https://enter.kg/computers/noutbuki_bishkek/computers/noutbuki_bishkek/527fb38b92f958863513a3f5e989fbf0-detail
31046 Сом;https://enter.kg/computers/noutbuki_bishkek/computers/noutbuki_bishkek/a8b3dec9caeddba4376aa656006d5e46-detail
31046 Сом;https://enter.kg/computers/noutbuki_bishkek/computers/noutbuki_bishkek/7db5805e56f93e53ec0b7139af4f228b-detail
31476 Сом;https://enter.kg/computers/noutbuki_bishkek/computers/noutbuki_bishkek/65018de323ec9acb40b63b53f6420317-detail
31476 Сом;https://enter.kg/computers/noutbuki_bishkek/computers/noutbuki_bishkek/a0b351605c5c295f5298e2b9a86b03dd-detail
31476 Сом;https://enter.kg/computers/noutbuki_bishkek/computers/noutbuki_bishkek/9d66c5e31a3f64959695f617e4826f1a-detail
31476 Сом;https://enter.kg/computers/noutbuki_bishkek/computers/noutbuki_bishkek/7f737d4ad189c59b25cf3e0adc1d2aef-detail
31906 Сом;https://enter.kg/computers/noutbuki_bishkek/computers/noutbuki_bishkek/4f6a87e6b188e20dad6bbe8a3bb38ec1-detail
32336 Сом;https://enter.kg/computers/noutbuki_bishkek/computers/noutbuki_bishkek/9b9bdfe7c25ae169f4686c41a04b1e8a-detail
32336 Сом;https://enter.kg/computers/noutbuki_bishkek/computers/noutbuki_bishkek/9edb1c1127f629009f36b388beb91ec4-detail
32336 Сом;https://enter.kg/computers/noutbuki_bishkekhttp://www.google.kg/search?q=Ноутбук Lenovo Ideapad IP3 15ADA05 AMD 3020e 4GB, 500GB HDD, m.2, 15.6
32680 Сом;https://enter.kg/computers/noutbuki_bishkek/computers/noutbuki_bishkek/6e2fa475e746a3d415b835df93bf712b-detail
32766 Сом;https://enter.kg/computers/noutbuki_bishkek/computers/noutbuki_bishkek/a281672ee7d6e736084d4202494705ea-detail
32766 Сом;https://enter.kg/computers/noutbuki_bishkekhttp://www.google.kg/search?q=Ноутбук Lenovo Ideapad IP3 15ADA05 AMD 3020e 4GB, 1000GB HDD, m.2, 15.6
32766 Сом;https://enter.kg/computers/noutbuki_bishkekhttp://www.google.kg/search?q=Ноутбук Lenovo Ideapad IP3 15ADA05 AMD 3020e 4GB, 120GB SSD, m.2, 15.6
33196 Сом;https://enter.kg/computers/noutbuki_bishkek/computers/noutbuki_bishkek/26c3e28946be1c7b69e90a5c48fbab15-detail
34056 Сом;https://enter.kg/computers/noutbuki_bishkek/computers/noutbuki_bishkek/bc7ba060490c683792bbdfa2b14e65b7-detail
34056 Сом;https://enter.kg/computers/noutbuki_bishkek/computers/noutbuki_bishkek/b71ee4cc2aa290387b55903309c074b2-detail
34056 Сом;https://enter.kg/computers/noutbuki_bishkek/computers/noutbuki_bishkek/ffb3eee138ec37e8bd7af906fa116631-detail
34056 Сом;https://enter.kg/computers/noutbuki_bishkek/computers/noutbuki_bishkek/59168fbc63fd7ecc67a608ab3b48a761-detail
34056 Сом;https://enter.kg/computers/noutbuki_bishkek/computers/noutbuki_bishkek/d0ff3c457fc71b5e57723a17e44ea2d1-detail
34056 Сом;https://enter.kg/computers/noutbuki_bishkekhttp://www.google.kg/search?q=Ноутбук Lenovo Ideapad IP3 15ADA05 AMD 3020e 4GB, 240GB SSD, m.2, 15.6
34486 Сом;https://enter.kg/computers/noutbuki_bishkek/computers/noutbuki_bishkek/749cb0dfe543e9d206d28f87a23a59d3-detail
35346 Сом;https://enter.kg/computers/noutbuki_bishkek/computers/noutbuki_bishkek/f8a56212c6e241e236246947cbe21b72-detail
35346 Сом;https://enter.kg/computers/noutbuki_bishkek/computers/noutbuki_bishkek/b19f27003f4963d1904cf7b956e39527-detail
35346 Сом;https://enter.kg/computers/noutbuki_bishkek/computers/noutbuki_bishkek/e71255cce8a19f94c969469c4ddc77f5-detail
35346 Сом;https://enter.kg/computers/noutbuki_bishkekhttp://www.google.kg/search?q=Ноутбук Lenovo Ideapad IP3 15ADA05 AMD 3020e 4GB, 1000GB HDD+128GB SSD m.2, 15.6
35776 Сом;https://enter.kg/computers/noutbuki_bishkekhttp://www.google.kg/search?q=ASUS  X515M  Intel QuadCore N4120 (4M Cache,up to 2.60 GHz) ,4GB DDR4,128GB SSD ,Intel UHD Graphics 600 ,15.6 Full HD (1920x1080),Wi-Fi , Bluetooth, Webcam,GREY, Eng-Rus&tbm=isch
35776 Сом;https://enter.kg/computers/noutbuki_bishkekhttp://www.google.kg/search?q=ASUS  X515M  Intel QuadCore N4120 (4M Cache,up to 2.60 GHz) ,4GB DDR4,500GB HDD ,Intel UHD Graphics 600 ,15.6 Full HD (1920x1080),Wi-Fi ,WIN10, Bluetooth, Webcam,GREY, Eng-Rus&tbm=isch
35776 Сом;https://enter.kg/computers/noutbuki_bishkek/computers/noutbuki_bishkek/25c33856f1a924dd814921d71606d0d7-detail
35776 Сом;https://enter.kg/computers/noutbuki_bishkek/computers/noutbuki_bishkek/9c0501375bcbf40653426a83a6276e01-detail
35776 Сом;https://enter.kg/computers/noutbuki_bishkek/computers/noutbuki_bishkek/dc958d9f17da2bf4f563d48a2a383d6a-detail
35776 Сом;https://enter.kg/computers/noutbuki_bishkek/computers/noutbuki_bishkek/dab70aa9338df422a281a215df3c8423-detail
35776 Сом;https://enter.kg/computers/noutbuki_bishkek/computers/noutbuki_bishkek/bec9c3c53c5d37be97075d6ba8851e1b-detail
35776 Сом;https://enter.kg/computers/noutbuki_bishkek/computers/noutbuki_bishkek/7507e67dbcf25efff04912010264cbc0-detail
36980 Сом;https://enter.kg/computers/noutbuki_bishkek/computers/noutbuki_bishkek/c22f506a74878ffb0293c2825198e774-detail
36980 Сом;https://enter.kg/computers/noutbuki_bishkek/computers/noutbuki_bishkek/661fa8c11502c855f7a922314b36f88d-detail
36980 Сом;https://enter.kg/computers/noutbuki_bishkek/computers/noutbuki_bishkek/bd158f4af67a0fa14d7f72ca0c41c764-detail
36980 Сом;https://enter.kg/computers/noutbuki_bishkek/computers/noutbuki_bishkek/eb667e8edecd11a66a00f0f4fefba7f5-detail
37410 Сом;https://enter.kg/computers/noutbuki_bishkekhttp://www.google.kg/search?q=ASUS  X515M  Intel QuadCore N4120 (4M Cache,up to 2.60 GHz) ,4GB DDR4,1000GB HDD ,Intel UHD Graphics 600 ,15.6 Full HD (1920x1080),Wi-Fi , Bluetooth, Webcam,GREY, Eng-Rus&tbm=isch
37410 Сом;https://enter.kg/computers/noutbuki_bishkek/computers/noutbuki_bishkek/e2d577f9d059680aa40a02db3353a7f9-detail
37410 Сом;https://enter.kg/computers/noutbuki_bishkek/computers/noutbuki_bishkek/3a65821bb3aa81ab548ca1075eb4ca63-detail
37410 Сом;https://enter.kg/computers/noutbuki_bishkek/computers/noutbuki_bishkek/e5d8b72ebf5feb64aed2c5846997acc1-detail
37840 Сом;https://enter.kg/computers/noutbuki_bishkek/computers/noutbuki_bishkek/2d890e280b4fe972062343f49353d099-detail
37840 Сом;https://enter.kg/computers/noutbuki_bishkek/computers/noutbuki_bishkek/467bb2d851749f2a7edccda3d5b5b213-detail
37840 Сом;https://enter.kg/computers/noutbuki_bishkek/computers/noutbuki_bishkek/89db855dea1de552b0e004f3a97cc544-detail
38012 Сом;https://enter.kg/computers/noutbuki_bishkekhttp://www.google.kg/search?q=Ноутбук Lenovo Ideapad IP3 15ADA05 AMD 3020e 8GB, 1000GB HDD+128GB SSD m.2, 15.6
38270 Сом;https://enter.kg/computers/noutbuki_bishkekhttp://www.google.kg/search?q=ASUS  X515M  Intel QuadCore N4120 (4M Cache,up to 2.60 GHz) ,4GB DDR4,256GB SSD ,Intel UHD Graphics 600 ,15.6 Full HD (1920x1080),Wi-Fi , Bluetooth, Webcam,GREY, Eng-Rus&tbm=isch
38270 Сом;https://enter.kg/computers/noutbuki_bishkekhttp://www.google.kg/search?q=ASUS  X515M  Intel QuadCore N4120 (4M Cache,up to 2.60 GHz) ,4GB DDR4,500GB HDD+128GB SSD ,Intel UHD Graphics 600 ,15.6 Full HD (1920x1080),Wi-Fi ,WIN10, Bluetooth, Webcam,GREY, Eng-Rus&tbm=isch
38270 Сом;https://enter.kg/computers/noutbuki_bishkekhttp://www.google.kg/search?q=ASUS  X515M  Intel QuadCore N4120 (4M Cache,up to 2.60 GHz) ,8GB DDR4,128GB SSD ,Intel UHD Graphics 600 ,15.6 Full HD (1920x1080),Wi-Fi , Bluetooth, Webcam,GREY, Eng-Rus&tbm=isch
38270 Сом;https://enter.kg/computers/noutbuki_bishkekhttp://www.google.kg/search?q=ASUS  X515M  Intel QuadCore N4120 (4M Cache,up to 2.60 GHz) ,8GB DDR4,500GB HDD ,Intel UHD Graphics 600 ,15.6 Full HD (1920x1080),Wi-Fi , WIN10,Bluetooth, Webcam,GREY, Eng-Rus&tbm=isch
38270 Сом;https://enter.kg/computers/noutbuki_bishkek/computers/noutbuki_bishkek/c2f5ad9a8c0de6ff49d837c555df3e9c-detail
38270 Сом;https://enter.kg/computers/noutbuki_bishkek/computers/noutbuki_bishkek/c12fe5a4e88ce3526437e62a8a2294f3-detail
38270 Сом;https://enter.kg/computers/noutbuki_bishkek/computers/noutbuki_bishkek/0e962d9df2c2c8f440b038437fe71c59-detail
38270 Сом;https://enter.kg/computers/noutbuki_bishkek/computers/noutbuki_bishkek/36757a41545d877335f149737b32d66a-detail
38270 Сом;https://enter.kg/computers/noutbuki_bishkek/computers/noutbuki_bishkek/68cf318b21fb0eb4344763a274a85a1c-detail
38270 Сом;https://enter.kg/computers/noutbuki_bishkek/computers/noutbuki_bishkek/249dd1c6439a779d5c88edc0117ca48e-detail
38270 Сом;https://enter.kg/computers/noutbuki_bishkek/computers/noutbuki_bishkek/99302816fad3399b6e1b4da6cca2150c-detail
38700 Сом;https://enter.kg/computers/noutbuki_bishkek/computers/noutbuki_bishkek/db7e7409976e7b787063fa13aa85676a-detail
38700 Сом;https://enter.kg/computers/noutbuki_bishkek/computers/noutbuki_bishkek/35914e6aebd1a2a0cac96ddc95174c7a-detail
38700 Сом;https://enter.kg/computers/noutbuki_bishkek/computers/noutbuki_bishkek/5d711a8f30a9840a89d8b16469ddd233-detail
38700 Сом;https://enter.kg/computers/noutbuki_bishkek/computers/noutbuki_bishkek/af983a651073c5e022494d0b03faeca6-detail
38700 Сом;https://enter.kg/computers/noutbuki_bishkek/computers/noutbuki_bishkek/1a4f050127472c0d60bc13c23e348951-detail
38700 Сом;https://enter.kg/computers/noutbuki_bishkek/computers/noutbuki_bishkek/cc727029f2017cc609a627a901719668-detail
38700 Сом;https://enter.kg/computers/noutbuki_bishkek/computers/noutbuki_bishkek/c0ce21337277a1d93d13436d07e40a6b-detail
39130 Сом;https://enter.kg/computers/noutbuki_bishkek/computers/noutbuki_bishkek/b08095267453a42109b21f4e1ad4b332-detail
39130 Сом;https://enter.kg/computers/noutbuki_bishkekhttp://www.google.kg/search?q=ASUS  X515M  Intel QuadCore N4120 (4M Cache,up to 2.60 GHz) ,4GB DDR4,1000GB HDD+128GB SSD ,Intel UHD Graphics 600 ,15.6 Full HD (1920x1080) HD,Wi-Fi , Bluetooth, Webcam,GREY, Eng-Rus&tbm=isch
39130 Сом;https://enter.kg/computers/noutbuki_bishkekhttp://www.google.kg/search?q=ASUS  X515M  Intel QuadCore N4120 (4M Cache,up to 2.60 GHz) ,8GB DDR4,1000GB HDD ,Intel UHD Graphics 600 ,15.6 Full HD (1920x1080),Wi-Fi ,Bluetooth, Webcam,GREY, Eng-Rus&tbm=isch
39130 Сом;https://enter.kg/computers/noutbuki_bishkek/computers/noutbuki_bishkek/f2721008fc27cacdab9b1101e7bb580c-detail
39130 Сом;https://enter.kg/computers/noutbuki_bishkek/computers/noutbuki_bishkek/2697e993ce300262152bcf2e7aaab58d-detail
39560 Сом;https://enter.kg/computers/noutbuki_bishkek/computers/noutbuki_bishkek/ca4ae96c1df7c4e0e60e540ae11433b9-detail
39560 Сом;https://enter.kg/computers/noutbuki_bishkek/computers/noutbuki_bishkek/0c88708ce8bf852a38b14c2d15589d8e-detail
39560 Сом;https://enter.kg/computers/noutbuki_bishkek/computers/noutbuki_bishkek/9945cae9ecd766674466f3b6835e6e0a-detail
39990 Сом;https://enter.kg/computers/noutbuki_bishkekhttp://www.google.kg/search?q=ASUS  X515M  Intel QuadCore N4120 (4M Cache,up to 2.60 GHz) ,4GB DDR4,500GB HDD+256GB SSD ,Intel UHD Graphics 600 ,15.6 Full HD (1920x1080),Wi-Fi ,WIN10, Bluetooth, Webcam,GREY, Eng-Rus&tbm=isch
39990 Сом;https://enter.kg/computers/noutbuki_bishkekhttp://www.google.kg/search?q=ASUS  X515M  Intel QuadCore N4120 (4M Cache,up to 2.60 GHz) ,8GB DDR4,256GB SSD ,Intel UHD Graphics 600 ,15.6 Full HD (1920x1080),Wi-Fi , Bluetooth, Webcam,GREY, Eng-Rus&tbm=isch
39990 Сом;https://enter.kg/computers/noutbuki_bishkekhttp://www.google.kg/search?q=ASUS  X515M  Intel QuadCore N4120 (4M Cache,up to 2.60 GHz) ,8GB DDR4,500GB HDD+128GB SSD ,Intel UHD Graphics 600 ,15.6 Full HD (1920x1080) HD,Wi-Fi , WIN10,Bluetooth, Webcam,GREY, Eng-Rus&tbm=isch
39990 Сом;https://enter.kg/computers/noutbuki_bishkek/computers/noutbuki_bishkek/72b134c9868670da0de42658a86d8e84-detail
39990 Сом;https://enter.kg/computers/noutbuki_bishkek/computers/noutbuki_bishkek/492113f73f1ea3b5307d21b8f7d63596-detail
39990 Сом;https://enter.kg/computers/noutbuki_bishkek/computers/noutbuki_bishkek/b280fcd838c4f3a5c556eac42ed0033e-detail
39990 Сом;https://enter.kg/computers/noutbuki_bishkek/computers/noutbuki_bishkek/2b5993f8fbf9e558fd9bb523424cef72-detail
39990 Сом;https://enter.kg/computers/noutbuki_bishkek/computers/noutbuki_bishkek/54ea7275667011378497e0dafa2e1fb0-detail
39990 Сом;https://enter.kg/computers/noutbuki_bishkek/computers/noutbuki_bishkek/488a7f6568f68ff47a81f9c4de855931-detail
39990 Сом;https://enter.kg/computers/noutbuki_bishkek/computers/noutbuki_bishkek/ed1b8435f67d673c4cda2c3ef9c271a5-detail
39990 Сом;https://enter.kg/computers/noutbuki_bishkek/computers/noutbuki_bishkek/8610a67726406b94756d1ddb004b8c3b-detail
40162 Сом;https://enter.kg/computers/noutbuki_bishkek/computers/noutbuki_bishkek/4d3295060b25eb8bf6c4b8a758b9f074-detail
40420 Сом;https://enter.kg/computers/noutbuki_bishkek/computers/noutbuki_bishkek/02bd48cd9702d17d7aad25ace35e5129-detail
40420 Сом;https://enter.kg/computers/noutbuki_bishkek/computers/noutbuki_bishkek/8de1a53309fa6c513134e1280a3bd8ff-detail
40420 Сом;https://enter.kg/computers/noutbuki_bishkek/computers/noutbuki_bishkek/4172b2119a0c29b4101d8def80f93683-detail
